# Reference: Melamed et al., RNA 2013 (Supplementary Table 2), PMID: 24064791
# Experimental data columns: linear
mutant;effect_prediction_epistatic;effect_prediction_independent;linear
G126A;-2.6106144744;0.406489950981;0.711743232
G126C;-5.66363767697;-0.0276019332916;0.449026715
G126E;-6.61106177093;-1.82761221989;0.588928368
G126D;-7.27057669693;-1.18009385683;0.229852843
G126N;-5.80916681373;0.387442738678;0.679434676
G126S;-4.61724799831;0.661685767522;0.721788343
G126R;-5.58238082565;1.14414833612;0.313689694
G126W;-8.07990067202;-2.05239053473;0.226031523
G126V;-5.43563147262;-0.800307436137;0.230314981
N127A;-4.98720616469;-2.25182271844;0.062650042
N127C;-8.04418135138;-2.21563884182;0.024995925
N127E;-7.60525847657;-1.43770923094;0.027818045
N127D;-8.19616061676;-3.15252542616;0.092973688
N127G;-7.14667977358;-3.59254334169;0.062339233
N127F;-9.10837932164;-4.55434367895;0.040344299
N127I;-6.9905979106;-1.80615370742;0.059962776
N127H;-6.23133972846;-2.99947633964;0.047049254
N127K;-5.72093126969;0.499716763069;0.106342179
N127L;-10.6068525729;-3.32752515234;0.029995109
N127Q;-8.90309358994;-1.91573605317;0.135272062
N127P;-8.62985067698;-4.50703121999;0.042361514
N127S;-5.26112256572;-0.279307020127;0.090002529
N127R;-7.96217455412;0.132131497942;0.07300397
N127T;-5.62266072386;0.550327446518;0.044739787
N127V;-6.88994216884;-1.22039135848;0.022768565
N127Y;-7.52867208741;-3.13646440487;0.042368631
I128A;-6.05300601205;-2.97229812282;0.413213877
I128C;-4.24938955851;-3.60576252633;0.809561882
I128G;-10.2218812645;-9.79030713824;0.034152847
I128F;-7.45530557723;-5.05102534478;0.055125025
I128H;-10.5020778228;-10.9259126173;0.167680994
I128K;-9.84853739022;-8.90701936037;0.025665458
I128M;-6.85672690498;-3.1276529837;0.819935615
I128L;-1.28648348834;0.57976889404;0.956552144
I128N;-10.3589066753;-10.1126872896;0.421403732
I128P;-9.4821024066;-8.26195288226;0.032117668
I128S;-9.0820404604;-8.06297896272;0.104905837
I128R;-8.8453617513;-7.70795813759;0.024334657
I128T;-6.82338245522;-5.64303876552;0.826977841
I128V;0.0898727215827;-0.0956042754002;0.90688375
I128Y;-7.90956582245;-6.10678838772;0.082129466
F129A;-6.12467983649;-5.82630784488;0.047908855
F129C;-5.09456221868;-4.21227077178;0.056152415
F129G;-6.37614134506;-4.35706882166;0.040109739
F129I;-3.99244210559;-2.37610425165;0.153378856
F129H;-3.12819404357;-3.05497156234;0.185828287
F129M;-5.38534175527;-4.26689683301;0.021292825
F129L;-2.96224180998;-2.90656565107;0.096322196
F129N;-5.82414108903;-6.06873070118;0.100860748
F129S;-4.8211035758;-4.85724479353;0.061435844
F129R;-3.97332018962;-3.534019009;0.051102779
F129T;-5.09132353564;-5.66700070011;0.13853163
F129W;-6.80389308707;-2.97707636346;0.045387337
F129V;-4.06238647403;-3.22767239323;0.058542172
F129Y;-1.19199826771;-0.380223416591;1.039766256
I130A;-6.02787943741;-2.91467500008;0.717802041
I130C;-6.7321838117;-2.89997279712;0.781004736
I130D;-10.2884918718;-8.97428955349;0.032851787
I130G;-9.80901469338;-8.33444376551;0.065703573
I130F;-6.11297785535;-3.7140479574;0.461896214
I130H;-10.8330812711;-10.8364299079;0.071227325
I130K;-10.8405047118;-10.8931437298;0.106464123
I130M;-5.58644675354;-3.71128610394;0.927107068
I130L;-4.72031621586;-1.67958730897;1.024281564
I130N;-10.0033507809;-8.1929847329;0.103044032
I130P;-10.4456498285;-9.49181943453;0.089429863
I130S;-9.51465177799;-8.05755354959;0.126146252
I130R;-9.31818720731;-7.66119913705;0.035198343
I130T;-6.93772344557;-5.58020396429;0.689047215
I130V;-0.184553882958;1.05325358243;0.858048625
I130Y;-9.75995402309;-8.33686782553;0.085171298
K131A;-5.78538794816;-0.875886914993;0.335507607
K131C;-10.7140835168;-2.64383321094;0.281065285
K131E;-9.34684852514;-2.25380066166;0.100301621
K131D;-8.67145571124;-2.54128640242;0.025896679
K131G;-5.55026229064;1.44132517808;0.313585235
K131I;-9.36119916837;-4.11330340652;0.061160241
K131H;-8.7933551661;-2.99172917424;0.216409582
K131M;-8.92223947193;-3.90898893835;0.062306421
K131L;-10.3002690998;-2.64557249905;0.054954275
K131N;-7.51425067207;-1.71673002786;0.143878782
K131Q;-7.83787669022;-2.46251204278;0.114325622
K131P;-12.2118043676;-7.25418074838;0.014836291
K131S;-6.2823871501;-0.315528874667;0.329209482
K131R;-4.74102220102;-0.0738069219606;0.854050198
K131T;-7.94332973243;-1.19818468219;0.059495756
K131W;-10.8049616253;-4.62763808369;0.158917179
K131V;-10.0600068607;-3.36051501684;0.042585649
K131Y;-7.82982631645;-2.62095128096;0.158855678
N132A;-7.50107518895;-5.19582861133;1.029255513
N132C;-8.87019196773;-5.42996372877;0.825419333
N132E;-8.88953481358;-4.79397072446;0.587541567
N132D;-8.86820149806;-2.66226927494;0.598524468
N132G;-3.48288046353;-0.982499014931;0.86042151
N132F;-8.20132084489;-5.86786395092;0.808959012
N132I;-9.65375736525;-7.32699846032;0.299041464
N132H;-5.67445056594;-3.15978780907;0.922015851
N132K;-5.31797343999;-3.40345510492;1.024934487
N132M;-10.0624642262;-4.7344660816;0.753460769
N132L;-9.47278715472;-6.61588959943;0.730610044
N132Q;-6.70629217604;-3.41789240983;0.870906516
N132P;-8.77943165449;-5.13035534337;0.758048149
N132S;-7.38222154428;-2.94430854475;0.938513912
N132R;-5.8490212051;-2.7067864812;1.094081819
N132T;-9.74883554905;-6.81334915427;0.640878512
N132V;-9.53148156079;-7.55215928745;0.448707328
N132Y;-8.17459517438;-4.10476930035;0.817462946
L133A;-10.3490117032;-6.86156857488;0.390502368
L133C;-10.8800510424;-5.85563068609;0.590368291
L133E;-12.9526210429;-11.6262454092;0.051484143
L133F;-7.30633177795;-3.44018255657;0.924148958
L133I;-4.87537408877;-1.662941124;1.03835111
L133K;-12.1326847239;-9.45299123196;0.057490626
L133M;-6.52322080418;-4.21700760021;0.946810993
L133Q;-10.9923325042;-8.53152646936;0.070396685
L133P;-12.7181936072;-10.6075171495;0.046457072
L133S;-10.8859201095;-8.29288422796;0.098464609
L133R;-12.0031166191;-9.44501629412;0.023307011
L133T;-10.7449245444;-7.6048596777;0.451372687
L133W;-12.1457291657;-9.47359517817;0.056352735
L133V;-7.0772087765;-2.40060712934;0.962821986
L133Y;-9.9469950737;-6.06055687945;0.082129466
H134A;-2.22821382189;0.568014599099;0.838181095
H134C;-5.31482361408;-3.09716134686;0.976194112
H134E;-1.75041460112;-1.06040889937;0.818849121
H134D;0.11312139011;0.887652351209;1.064959529
H134G;-3.83715038176;-0.148742017577;0.890065722
H134F;-4.75775161705;-2.86393828434;0.793696502
H134I;-4.51325139045;-3.86929712681;0.99352733
H134K;-2.51118401031;-1.19225551632;0.79034223
H134M;-6.39063085766;-3.21492085607;0.628248082
H134L;-4.12243492517;-1.91295775455;1.03217468
H134N;-2.09290825843;0.32960027465;1.101929197
H134Q;-3.8050106591;-1.79999345371;0.900618222
H134P;-3.00809508737;2.11465276255;1.040896517
H134S;-1.89889491629;1.52595173716;0.867543922
H134R;-5.61742856225;-1.91897051939;0.829494074
H134T;-3.60465629376;-0.493152025917;0.901523962
H134V;-3.22346265207;-2.38231093106;1.051100483
H134Y;-4.73001090181;-3.16716387684;0.799517398
P135A;-2.30010095006;-1.38960824714;1.02701377
P135C;-4.45299368026;-3.90645123074;1.012823145
P135D;-1.97314534369;-1.09404157384;0.969880033
P135G;-3.27292460809;-2.52295421598;0.782346669
P135F;-1.75675831997;0.392886320141;1.03413017
P135I;-3.66683460269;-2.66133127632;0.933977412
P135H;-3.35840435512;-1.50586686255;0.990642162
P135L;-2.54600892123;-1.2189049342;1.047671732
P135N;-4.14469922567;-1.75591234709;0.941100683
P135Q;-2.43046855368;-1.37299199788;1.153664496
P135S;-3.04692716029;-0.89218631896;1.024196828
P135R;-3.00480832346;-0.806569139146;1.040147459
P135T;-2.82980868802;-1.47393828633;1.059721172
P135V;-3.01205309763;-2.2489117268;1.112721801
P135Y;-2.18281879066;0.287856050565;0.885318911
D136A;-0.341658452118;-1.6270648517;0.972866638
D136C;-4.84748287476;-4.11469779386;0.984371877
D136E;-0.608701349876;-0.397944137392;0.853471763
D136G;-1.81412675331;-1.29824083867;0.813717785
D136F;-5.33938718803;-3.10577919068;1.003417299
D136I;-5.88737273385;-3.6408963326;0.855232459
D136H;-3.28132494149;-2.04769545854;1.088617273
D136K;-4.43069469166;-1.10947765206;0.636503364
D136L;-3.66569850677;-3.05494114059;1.107347861
D136N;-1.34537417405;-0.68854924697;0.881276303
D136Q;-3.29373274883;-1.579546041;0.884471175
D136P;-6.4835395604;-4.51770801567;0.245553184
D136S;-0.447436402028;-0.20753553315;0.93986799
D136R;-5.32373605395;-1.41802268523;0.734217638
D136T;-2.88449966762;-0.895125263665;0.78311556
D136V;-4.63579698541;-3.05541588799;0.905118948
D136Y;-5.14206286409;-2.20399436499;0.944138144
I137A;-4.95543216723;0.152465856587;0.387930671
I137C;-4.66162860762;-1.30852946885;0.538329846
I137D;-8.79473191559;-4.93319531472;0.060516449
I137G;-8.49997905114;-4.16042875891;0.029331952
I137F;-4.90936993663;-1.34026548957;0.585169946
I137H;-9.08175280005;-3.39246647994;0.234221071
I137K;-8.10922453804;-4.3112184647;0.102121507
I137M;-4.8191233086;-1.00722003974;0.584683917
I137L;-3.20809792362;-0.481678433507;0.801001824
I137N;-9.24795804262;-5.43040587531;0.165554164
I137P;-7.73624560081;-5.12589466861;0.058555268
I137S;-7.49401454213;-1.80755447235;0.205772789
I137R;-8.69736145549;-5.08432758393;0.049803556
I137T;-2.76465333761;0.704713679999;0.431186569
I137V;-2.59176606948;0.827627497696;0.770355557
I137Y;-7.56753432921;-2.17228290115;0.440582371
D138A;-8.73949113966;-2.42057874808;0.58302597
D138C;-8.8058155473;-4.03675214998;0.858526688
D138E;-5.25258153322;-1.33217111448;0.754585957
D138G;-7.39805705595;-1.78042697335;0.738283904
D138F;-11.8492799384;-3.24467138716;0.386337009
D138I;-9.84738737269;-3.66521594784;0.565481571
D138H;-8.62461589638;-3.27695064007;0.913983673
D138K;-7.97390006074;-0.980930819635;0.441152562
D138L;-10.5514916402;-3.35368224088;0.605789658
D138N;-5.24509158701;-0.602984158132;0.934821971
D138Q;-7.09060327074;-1.82250124697;0.625732948
D138P;-9.44643172791;-2.95137939348;0.871342306
D138S;-5.03937376826;-0.149427721901;0.739296394
D138R;-9.14073150064;-1.13723728106;0.530682705
D138T;-4.52339314786;1.16191762474;0.624096105
D138V;-8.31592409586;-2.63173504946;0.524002923
D138Y;-9.23681442015;-2.72741283122;0.420693789
N139A;-3.3286498876;-0.0645088200476;0.886224774
N139C;-6.7760180042;-4.2680984998;0.705984892
N139E;-2.43574752133;2.42063811228;0.399739512
N139D;-1.74463789809;1.30593402946;0.857708691
N139G;-4.33410021492;-1.83075805689;0.932490199
N139F;-7.18146530959;-3.92656245878;0.324606938
N139I;-4.67710972476;-1.37229114086;0.610538282
N139H;-2.83870399115;-1.61958408518;0.883681273
N139K;-4.28140108041;0.423013211843;0.376005045
N139M;-6.46968345371;-2.95832290961;0.824294826
N139L;-5.77437739858;-1.66158557937;0.597216059
N139Q;-3.96930014253;-0.0271198176402;0.861258043
N139P;-5.73896449628;-0.309549968804;0.740499649
N139S;-3.70731857702;0.185317380205;0.884585633
N139R;-5.25143339029;-0.648671627331;0.236474112
N139T;-4.2545416374;-0.383433074827;0.855969815
N139V;-5.51437687749;-0.740021139978;0.812501358
N139Y;-6.51622858007;-2.73772050331;0.472952659
K140A;-4.31898266036;0.137437082055;0.689887517
K140E;-4.0339869493;1.34168775169;0.316643211
K140D;-3.29648734134;0.946275520979;0.206325245
K140G;-4.90429508002;-0.982317745578;0.771584723
K140I;-5.59641306062;-2.66091617944;0.55185413
K140H;-6.79195685496;-1.77572785596;0.814977012
K140M;-6.4085995556;-2.7170795636;0.656502579
K140L;-5.88504005551;-1.98086829829;0.683379144
K140N;-4.31212650874;-0.636477726798;0.599387918
K140Q;-4.30916557758;0.0317594620453;0.68855667
K140P;-7.93282325711;-1.66524245721;0.766541685
K140S;-5.69849610917;-0.160466539999;0.641612356
K140R;-4.30725464755;-0.600434374906;1.046506186
K140T;-4.7939489085;-0.96570074716;0.552503623
K140W;-8.6838670185;-4.83317631149;0.774086387
K140V;-4.00083766101;-1.92387225724;0.636673053
K140Y;-5.39040647732;-2.02865885246;0.616613546
A141C;-4.76322134503;-3.23104475033;1.510538027
A141E;-2.79889612089;1.31413173394;0.463959441
A141D;-3.99246067231;1.76696250712;0.658949394
A141G;-4.60973983409;-0.781117846981;0.780726033
A141F;-4.380543115;-2.17282669582;0.551117039
A141I;-3.24696261669;-1.04220576499;0.704723808
A141H;-5.44215421815;-0.562544227201;0.56905976
A141L;-3.75466898869;-0.775915597548;0.876523753
A141N;-5.04189428734;-1.16278300497;0.763009235
A141P;-6.82180949138;-3.84924430269;0.29623595
A141S;-2.11312066973;0.131804620467;1.063916034
A141R;-4.82856831758;-0.65732911346;0.452682098
A141T;-0.996644497849;0.115974298671;1.052043271
A141V;-4.40032443916;-1.02141086277;0.828612388
A141Y;-6.64667815075;-1.78268486427;0.610235699
L142A;-8.24560376198;-6.90253199896;0.723566236
L142C;-9.0664862523;-6.73222557949;0.966161916
L142G;-12.0985203537;-11.6889281503;0.032237734
L142F;-5.95609611156;-3.05012341739;1.054158376
L142I;-5.01303804416;-1.60218278868;0.8042288
L142K;-10.5746425173;-8.66031365468;0.078396309
L142M;-6.64786324865;-3.51479373627;0.964769752
L142Q;-12.1389578649;-11.8845604581;0.335900289
L142P;-9.94545106479;-8.28512051705;0.08623594
L142S;-10.3587257038;-8.40850708213;0.093146364
L142R;-11.1294597949;-9.0369286059;0.037331576
L142T;-9.96591440037;-7.7768445638;0.544107714
L142W;-11.2655437708;-9.42888157623;0.050678887
L142V;-5.96381554593;-2.00058683626;0.839189264
L142Y;-9.88043367531;-7.85823209864;0.263092697
Y143A;-3.30647343176;-0.309200836924;0.894298633
Y143C;-5.48138827831;-2.49360149428;0.727607702
Y143E;-1.59612803697;0.722009036685;0.380179949
Y143D;-3.67289431288;-1.89421369;0.721637609
Y143G;-4.59288738988;-1.43543046822;0.537349573
Y143F;-0.204798070947;-0.827029763022;1.004412883
Y143I;-4.62182223634;-0.680605227891;0.683098956
Y143H;1.07391749928;-0.540140921035;1.003854744
Y143K;-1.59792142501;1.20850786273;0.911113319
Y143L;-3.18898908747;-0.396455052714;0.881613546
Y143N;-1.33047264395;-1.18456388555;1.036783632
Y143Q;-2.25643469254;-0.0205372026815;0.81081005
Y143P;-7.63612172118;-5.96272574119;0.097291829
Y143S;-2.87586431298;-0.72796381523;0.848158596
Y143R;-2.8071632699;1.55025003831;1.011734604
Y143T;-2.18037089054;-0.447117998751;0.475129144
Y143W;-4.39836720552;-1.26176782639;0.7475208
Y143V;-3.86621495942;-0.858079975466;0.591982688
D144A;-4.32430739583;-0.578745386734;0.955474543
D144C;-7.54854975629;-3.98985924256;0.961318671
D144E;-2.9024246317;0.550290525204;1.056912048
D144G;-5.99280100013;-1.92251483049;0.876154052
D144F;-7.85715107972;-4.26600683791;0.871464246
D144I;-6.41503378341;-3.13188763294;0.922875845
D144H;-6.77416943217;-2.66175657936;0.971402937
D144K;-4.8609829811;-0.459764797467;0.975308756
D144L;-5.93423081748;-2.69527742576;0.81366515
D144N;-4.53346660116;-0.95541735799;0.974213448
D144Q;-4.34076799732;-0.631607535227;1.005051958
D144P;-8.34069130413;-2.555039471;0.127014175
D144S;-5.35588614037;-0.784432932032;1.163182441
D144R;-6.0106730728;-1.11283359501;0.853146155
D144T;-5.64560076583;-1.25002557878;1.142394383
D144V;-7.18221685162;-2.71064787177;0.970700926
D144Y;-8.0490803452;-3.39586348839;0.886877396
T145A;-4.70572890862;1.00362115482;1.042326875
T145C;-6.07124698945;-1.55662373182;0.930382656
T145D;-8.9327420624;-3.78449021337;0.22254436
T145G;-8.54627510856;-2.93754951923;0.708788545
T145F;-5.7980342095;1.00759129581;0.548420068
T145I;-4.99242662839;1.07034607031;0.625987605
T145H;-6.54099738834;0.987228085554;0.589369315
T145K;-3.58772219918;-0.586579759162;0.581414637
T145M;-4.44633149341;0.0696223157045;0.86111501
T145L;-3.94836109111;2.09720237925;0.503284945
T145N;-6.92777469827;-2.52325496212;0.556583587
T145P;-8.29454970678;-2.88865113405;0.153468732
T145S;-4.9941297959;-1.3144520468;1.071077191
T145R;-4.73295760251;-1.29971237954;0.440078341
T145V;-5.12022106783;0.887727948252;0.722802846
T145Y;-6.81682522609;0.86331212175;0.399052583
F146A;-5.3824695829;-5.24328835521;0.845881191
F146C;-5.19378423732;-4.18403911301;0.94752414
F146D;-11.0815418019;-12.090231195;0.0615971
F146G;-7.46756353072;-7.33447490655;0.79223008
F146I;-6.27761812106;-5.40891677995;0.94300666
F146H;-11.0708823299;-12.0283633258;0.206966255
F146M;-7.59391993884;-3.92928340114;1.03791802
F146L;-4.4556145778;-3.05111672195;1.039454452
F146N;-9.46382771456;-9.67519942564;0.238807217
F146P;-10.021616538;-9.67109030317;0.159696184
F146S;-8.03158810173;-6.82435654186;0.684864649
F146R;-9.64110740926;-9.26018329369;0.125760745
F146T;-7.62326653471;-7.32345327886;0.717802041
F146W;-8.91912532662;-6.88689792823;0.563633592
F146V;-6.32255042967;-4.51048833457;0.864084052
F146Y;-6.7506276138;-4.88839813577;0.689853849
S147A;-1.84429466218;-1.09328305059;0.865589756
S147C;-3.23438527348;-3.88535473091;0.845823207
S147D;-4.72652903717;-2.91529220996;0.811952923
S147G;-1.73644795804;-1.11008295688;0.9655477
S147F;-6.54638209689;-5.38229651622;0.844121677
S147I;-4.14338590542;-3.33543088976;0.844393575
S147H;-6.02542301902;-3.93529980836;0.919243261
S147L;-3.75410800119;-2.73174876539;1.126165998
S147N;-3.42871549663;-2.5496390543;0.99209488
S147P;-6.40195408333;-5.3528993878;0.075353175
S147R;-2.97768098518;-1.91072402509;0.892617621
S147T;-2.99679576035;-2.34399317445;1.026427831
S147W;-7.99710343999;-7.29747852973;0.805151279
S147V;-3.63422906591;-3.2387037797;0.87350099
S147Y;-5.40777355683;-3.95640146548;0.819478629
V148A;0.607594718;1.06623787766;0.816810377
V148E;-1.25949971902;1.49769100092;0.883449633
V148D;-3.92004922808;0.697529411987;0.60885311
V148G;-2.03092933435;0.399546906922;0.610404245
V148F;-5.26734353084;-1.91961921791;0.745689082
V148I;-3.47762554151;-1.29994582622;1.06870542
V148K;0.165241020266;2.10778105652;0.604988569
V148M;-3.42187172943;-1.62191967118;1.019467233
V148L;-2.40614697814;-0.953192512;1.056643212
V148Q;-1.09891177178;1.9960952052;0.676788387
V148P;-2.4290892554;1.5442314837;0.566106678
V148S;-1.52540728389;1.19811225453;0.763320922
V148R;-1.73697338515;1.32071268705;0.515696649
V148T;-0.399344624951;0.784216962116;0.865385219
V148W;-5.56059196248;-3.79797850018;0.572615801
F149A;-7.977755764;-1.79514693665;0.15570378
F149C;-6.79764925159;-1.54397134891;0.362425353
F149D;-9.24944176542;-5.54096883197;0.017965821
F149G;-9.49387421593;-4.81729699259;0.049077364
F149I;-6.22751467902;-2.14712576702;0.717010059
F149H;-6.67121138092;-2.15144778739;0.389878961
F149M;-9.54470785434;-4.01706347291;1.027017015
F149L;-9.56942578626;-2.8741257745;0.776265487
F149N;-9.55480765426;-4.62243595552;0.174971472
F149P;-10.2537035079;-6.50704869255;0.057490626
F149S;-6.7080535097;-3.51631183814;0.107162606
F149R;-8.64479884837;-4.90931338627;0.129192419
F149T;-7.9077236079;-3.8588769389;0.084723028
F149W;-10.0569576133;-3.65247113238;0.950587585
F149V;-8.85372242826;-1.78752278451;0.39866903
F149Y;-1.89390733463;-0.319306922902;0.556732409
G150A;-9.54288772744;-3.96206916656;0.61725798
G150C;-9.2587763526;-6.55049103441;0.30304445
G150E;-8.07681889294;-5.0248028587;0.052699741
G150D;-6.85696411284;-4.76934684166;0.110568142
G150F;-9.35245934175;-5.55770422661;0.021491823
G150I;-9.50415721186;-6.32557044418;0.043553505
G150H;-8.73323755543;-6.38852275813;0.01493263
G150L;-9.27896868112;-5.91559327272;0.083840497
G150N;-8.16520500102;-5.16837330391;0.170576584
G150P;-9.7802420283;-4.10754781892;0.010266183
G150S;-7.460855579;-4.55081564988;0.656831779
G150R;-9.30518579995;-5.52496265331;0.043596584
G150T;-8.09835792542;-5.85373208367;0.083244346
G150W;-10.7636072421;-8.08014607377;0.07734165
G150V;-8.76823479595;-5.20180164049;0.045810772
G150Y;-9.90355152993;-5.92160574841;0.016425893
D151A;-1.16951713426;-0.256850454437;0.985499615
D151C;-3.99986472953;-3.7420386101;0.779644302
D151E;0.539729630633;1.15914594471;0.974267953
D151G;-3.49737292732;-1.02665714217;0.939305973
D151F;-3.50631522894;-2.65994871754;1.026198483
D151I;-2.8775143972;-1.86097974701;0.787920781
D151H;-1.83461060206;-1.3111110008;0.928274298
D151K;1.28615594318;0.629720403569;0.886870084
D151L;-3.52776498644;-2.23421563227;0.768902536
D151N;0.482736295671;0.0316021200925;0.978529947
D151Q;-1.11516586022;-0.211514333678;1.167344463
D151P;-0.183416382817;0.795632800884;0.721221344
D151S;-1.876138308;-0.00657747980458;0.953835101
D151R;-0.254413582355;-0.159044137306;0.714340762
D151T;0.0283749324153;0.512798875396;0.794847604
D151V;-2.11214501708;-0.934812273337;0.972492756
D151Y;-3.34893393537;-2.74574928219;0.90186952
I152A;-5.18874451704;-4.36873759014;0.166685406
I152C;-7.01272418071;-4.13858349468;0.299788321
I152D;-7.5397538431;-6.63534898241;0.016961958
I152G;-7.64751168876;-5.87610616381;0.101065002
I152F;-6.95411580452;-3.19234036873;0.055499654
I152H;-8.67667959545;-6.89357624025;0.031915264
I152K;-7.0290119428;-5.80913015561;0.028110795
I152M;-5.91444747616;-4.33976337128;0.24905574
I152L;-4.17999315666;-1.3019784176;0.591959775
I152N;-7.42334300594;-6.30588039201;0.046778139
I152P;-6.0286769555;-3.79912297252;0.135961886
I152S;-6.8816552941;-5.23437608716;0.045343821
I152R;-7.99435138336;-6.63306460757;0.032340801
I152T;-5.07595545822;-3.73283757134;0.29395153
I152V;-1.48476508155;0.189342248861;0.817004047
I152Y;-6.1462901734;-4.95374148668;0.04883678
L153A;-4.09495335352;-0.497730075224;0.505038708
L153C;-6.50706085342;-3.35598008315;0.499949213
L153E;-6.91562684478;0.395296571934;0.135758958
L153G;-6.31667856663;-2.31182870482;0.438085846
L153F;-7.32828964316;-2.60288634874;0.772661842
L153I;-2.60824264213;-0.248027921752;0.415810295
L153K;-4.71621173143;0.46232276827;0.650093798
L153M;-5.53881071729;-2.2487211574;0.972176869
L153Q;-5.65609010949;-0.896819965976;0.723858235
L153P;-8.8443745792;-3.48807864972;0.226452702
L153S;-4.05703055614;-0.417407421286;0.824983633
L153R;-4.87007598649;-0.219170612957;0.806419965
L153T;-4.05268271989;0.399608101062;0.67022054
L153W;-9.70694588401;-3.33971219904;0.803164604
L153V;-3.04209825944;0.582755817697;0.512878592
L153Y;-6.52033166814;-2.03634069575;0.700104833
S154A;-6.28909856497;-2.27170648531;0.257897555
S154C;-8.05694011586;-4.81787520454;0.404591627
S154D;-6.74937886848;-0.494373293569;0.028875715
S154G;-5.73789280605;-2.35452615782;0.127053146
S154F;-8.09431498451;-3.02242002282;0.070660163
S154I;-9.35483300324;-4.76545489902;0.101802703
S154H;-7.85207277977;-2.23919410781;0.022458889
S154L;-7.02987791375;-3.60092878988;0.07725642
S154P;-9.42702774877;-5.12905009207;0.049251684
S154R;-6.37594643711;-1.03430237463;0.2115314
S154T;-4.99745855211;-2.36263191023;0.200400876
S154W;-8.11078218625;-4.79716413024;0.109150202
S154V;-7.8760233459;-4.05565164388;0.072404778
S154Y;-7.39118851941;-2.31801712687;0.067566871
S155A;0.759674647088;1.86132477335;0.786918337
S155C;2.97016635801;1.15862014563;0.924188721
S155E;-5.34032088138;-2.633373155;0.388711547
S155D;-4.12805371515;-3.22446316666;0.25504816
S155G;-2.07161247583;-1.39385997516;0.816967431
S155F;-2.69983524804;-0.26721879357;0.307386642
S155I;-1.90152898563;1.56650492676;0.306362715
S155H;-4.20286504893;-1.99898549861;0.56307644
S155K;-4.28301971887;-2.99861235474;0.070102892
S155M;-3.73227891411;-1.48097461896;0.331326502
S155L;-0.183829515394;0.664509439556;0.736899149
S155N;-4.59542324316;-2.63248335104;0.694240428
S155P;-1.66514925331;-2.05150072878;0.378545245
S155R;-3.68257446611;-3.30211861717;0.179943344
S155T;-1.28438984304;-0.270911591245;0.533335269
S155W;-4.29129419936;-2.70361413587;0.655690014
S155V;-0.336241009099;2.45405788451;0.501689579
S155Y;-3.10971261669;-2.18534749292;0.614475213
K156A;-6.2629454714;-2.2097283904;0.375917056
K156E;-6.92326369551;-1.29620330324;0.058984989
K156D;-6.78730590026;-1.12792094923;0.036792203
K156G;-8.97027292704;-3.65827475137;0.052729566
K156I;-6.65470929731;-1.96359680167;0.679441262
K156H;-6.38190884209;-1.35671268092;0.27177372
K156M;-8.4997333447;-3.41217841116;0.443346243
K156L;-7.64676669623;-2.62309048213;0.689604907
K156N;-6.40603061162;-1.23125701939;0.204442564
K156Q;-4.7601975088;-1.56442143965;0.312454193
K156P;-8.73609869655;-3.49468740424;0.015957632
K156S;-6.46150660441;-1.54573114933;0.252459564
K156R;-4.15816473718;0.274104002937;0.674010415
K156T;-5.97099449574;-1.10737132543;0.355056914
K156W;-9.38621489187;-2.63876991734;0.369106964
K156V;-6.55404826491;-1.03680084783;0.447057943
K156Y;-6.99750005997;-1.88961664401;0.215384431
I157A;-5.28085947828;-2.89652797846;0.602426679
I157C;-6.0731415;-4.28242650776;1.10459777
I157D;-7.80875253817;-6.15246933164;0.036383401
I157G;-7.77467399766;-6.64487220849;0.062730001
I157F;-5.30301015871;-2.62683522618;0.273047529
I157H;-7.318655768;-5.68799021278;0.492406928
I157K;-7.32322657236;-4.18196894147;0.346071068
I157M;-5.71476972802;-1.73618741982;0.999693578
I157L;-1.49233569906;-0.158148516787;0.95752698
I157N;-7.47813963855;-6.38738483148;0.289647474
I157P;-5.46143048618;-4.44373175588;0.06530354
I157S;-5.85394146702;-4.92007694294;0.397814363
I157R;-6.05019997465;-4.19117122867;0.499582681
I157T;-4.58672987245;-4.13440436043;0.762126235
I157V;0.157009038114;-0.00570735750969;0.947624659
I157Y;-7.32776505474;-4.26476151086;0.071522925
A158C;-3.91570888093;-1.32811948256;1.1008311
A158E;-4.83137495365;-2.74164329959;0.550044038
A158D;-6.22550770879;-3.68682355479;0.487228761
A158G;-6.38060746857;-1.31855484191;0.814387559
A158F;-6.70931297261;-1.56904088743;0.243441246
A158I;-2.98238082149;0.760583081306;0.515670247
A158H;-6.61727020994;-1.69927085572;0.514612065
A158L;-5.14643618313;0.103225724853;0.153929772
A158N;-5.48214295495;-1.54713929918;0.764357159
A158P;-4.47859885637;0.653608999113;0.909068129
A158S;-4.36714144831;-0.917450640571;0.873176233
A158R;-6.12159236569;-2.09655643647;0.708630189
A158T;-6.33384231059;-2.130677593;0.650884395
A158V;-2.70684333879;0.803759812195;0.953042213
A158Y;-5.71667023841;-2.02388995842;0.051607661
T159A;-5.95319581777;-2.07334900026;0.992654158
T159C;-2.92624118191;-2.26552679507;1.05515571
T159D;-5.56071176322;-4.35314247464;0.853797138
T159G;-5.88644106337;-3.14962865626;0.945198401
T159F;-4.45340590784;-1.2423879226;0.802826214
T159I;-4.47009696762;-1.19137174628;0.945462092
T159H;-6.75120964972;-2.26049343374;0.420813759
T159K;-4.45572580898;0.151737867477;0.510204011
T159M;-2.99757080921;-0.868061042733;1.219970421
T159L;-2.13191718183;-0.65495361636;1.001949061
T159N;-4.68211854482;-2.13255308963;0.896891167
T159P;-7.14625037787;-1.98048096396;0.910218364
T159S;-3.16064906027;-1.54637278714;0.990831397
T159R;-3.36302965018;0.534096299545;0.821232596
T159V;-2.81654950604;-0.814658433209;1.036926922
T159Y;-2.33461832325;-0.835774649883;1.106177215
D160A;-4.65748397888;-4.15493918099;1.025337891
D160C;-7.74551627865;-5.50561334436;1.046561443
D160E;-4.559138823;-2.78459880351;0.944627341
D160G;-6.20569881947;-3.39002417402;1.024528557
D160F;-4.95508489838;-3.63086091138;0.977707948
D160I;-6.59597582124;-5.96945772395;0.881039942
D160H;-4.68139262205;-3.15089794913;0.992290341
D160K;-5.57457172974;-2.46101465287;0.964204708
D160L;-6.46987351052;-4.76576735697;1.009591749
D160N;-3.21448397949;-1.95595763196;1.006409096
D160Q;-6.29061167022;-4.406237698;0.911472908
D160P;-7.47648900695;-3.88345111992;0.308915667
D160S;-4.93373515572;-3.15172988303;1.071382818
D160R;-5.30611160577;-3.40508481618;0.914596507
D160T;-5.77086046139;-3.44037243238;1.029846726
D160V;-6.34677732227;-5.12034031162;0.870921701
D160Y;-3.47080839098;-3.99243536256;1.009465022
E161A;-2.46858072805;-0.844836486326;1.052363798
E161D;-2.21258515539;-0.493075505473;0.993208092
E161G;-5.3815783835;-1.66824285616;1.028314888
E161I;-5.59687052738;-1.82520875338;1.03483935
E161H;-4.92890128377;-1.54021896095;1.033061024
E161K;-3.54198611481;-0.362080335152;1.050292222
E161L;-4.0220697872;-1.90152323375;0.91219128
E161N;-4.30828216835;-0.985655061897;1.172448368
E161Q;-4.01717138364;-1.11395551983;1.034312066
E161P;-4.78919544577;-1.36612780629;0.952355475
E161S;-3.20136978419;-1.08143758206;0.87054347
E161R;-4.68424114038;-0.671294951184;1.058685622
E161T;-4.32655825443;-1.52246380455;1.205067593
E161V;-4.63495490639;-1.0764180239;1.045318696
E161Y;-4.95417095791;-1.85307267392;1.033936888
N162A;-2.63293469406;-0.979584905503;0.995565693
N162C;-3.41689522762;-4.21877438634;0.930140613
N162E;-0.415889906784;-0.736127613311;1.069397165
N162D;-2.38572880568;-0.0052368808575;0.989847862
N162G;-3.08772644668;-1.17487071139;0.999849181
N162F;-2.53315039288;-2.37234512897;1.054076389
N162I;-4.68810854858;-3.18399301465;0.927742375
N162H;-1.19674976662;-2.25844058674;1.02679722
N162K;-1.5715073162;-0.465407184864;1.029582958
N162M;-3.73702490859;-2.57542796033;1.109808137
N162L;-2.61281159439;-1.80497937167;1.022490273
N162Q;-2.09860664702;-1.25468192691;0.95049673
N162P;-4.4131217656;-1.09964835938;0.601473337
N162S;-0.390519925102;0.726937746312;0.97850183
N162R;-2.24532540876;-0.921898111653;0.956866247
N162T;-0.111364175216;1.84883852477;0.986947454
N162V;-5.68107648683;-2.37581707603;1.009006688
N162Y;-3.82874453305;-2.76678710529;0.914194103
G163A;-4.56286058889;-3.78619942398;0.980699132
G163C;-6.98187161237;-6.16092211684;0.811060251
G163E;-3.13105287892;-3.18025520149;0.899167118
G163D;-4.75934570999;-3.17099447013;0.914647645
G163I;-7.3958068327;-5.59838032262;0.990883365
G163K;-5.63427192892;-2.0665819159;0.798985583
G163L;-5.73144079329;-4.0276446988;1.24768601
G163Q;-4.55900200657;-2.76034663841;0.93694096
G163P;-6.05474032322;-4.07538195056;0.120352216
G163S;-4.11408643937;-3.16270631992;0.907074665
G163R;-5.61128570279;-2.45426959303;1.048650991
G163T;-6.08255543327;-3.97842912314;0.735409164
G163W;-8.83445407392;-6.63656649098;0.775103363
G163V;-7.78668885573;-5.03480840591;0.795389889
K164A;-2.13457133673;-1.98082973552;0.718307633
K164E;-0.394842887537;-1.39249020407;0.927805075
K164D;-2.94544792335;-2.85056838287;0.886599116
K164G;-3.22162577617;-2.62255504722;1.011658151
K164F;-3.28531226215;-2.88797170436;1.109250023
K164I;-2.44223852974;-2.48367332185;0.942820692
K164H;-1.71654729614;-2.3100467041;0.777560865
K164M;-2.92147668858;-2.78012559433;1.03805748
K164L;-1.8324682133;-1.62921589952;0.830377137
K164N;-0.196339527021;-1.64475917515;0.958185783
K164Q;0.19054896653;-1.04624214002;0.936046115
K164P;-5.49909205862;-3.56702428689;0.451145834
K164S;-1.84895714174;-1.94146328286;0.927686214
K164R;-0.567731565672;0.201360723468;0.950060586
K164T;-1.8211761433;-1.72997030587;0.942795106
K164V;-2.08121531398;-2.04632898276;0.799731756
K164Y;-2.99439067052;-2.94014854803;0.804570763
S165A;-4.26121272752;-2.97392446588;0.927940267
S165C;-5.70716291131;-2.67911244602;0.654068404
S165D;-9.37294244411;-4.73470069973;0.321296201
S165G;-6.24163674517;-2.40793001136;0.721892872
S165F;-5.57194451545;-2.94562516892;0.86120174
S165I;-6.54495341494;-4.1299894239;0.45479251
S165H;-7.2608615465;-2.2211611114;1.004333459
S165L;-5.9467602908;-3.07366558962;0.82349261
S165N;-7.46738821338;-2.17381734826;1.106661773
S165P;-3.87089944142;-1.29302109067;0.912190993
S165R;-7.46629084606;-3.02426296557;0.65505094
S165T;-5.66671931883;-3.16483546753;0.891848648
S165W;-10.8888399875;-8.32147067141;0.523700466
S165V;-7.35954904828;-3.74831285736;0.836538037
S165Y;-7.9910127793;-5.15018965827;0.74468591
K166A;-6.11564376239;-3.21784254451;0.502166729
K166E;-4.44318354356;-3.8647968468;0.440687382
K166D;-7.21934033918;-4.76441424945;0.335198924
K166G;-6.77325821354;-4.46390176345;0.394763968
K166I;-5.35311390703;-4.93283360357;0.480997571
K166H;-5.82110375485;-4.5537609082;0.595108338
K166M;-5.33032955496;-3.1845909331;0.702864036
K166L;-3.55236825899;-2.34028084559;0.740202334
K166N;-4.15037005087;-3.36546443172;0.506050927
K166Q;-6.39420291202;-3.19314979525;0.654938649
K166P;-5.52860309614;-3.22755709375;0.167840093
K166S;-5.30782209374;-3.08450236019;0.470956104
K166R;0.979731647189;-0.0365696840526;1.039985649
K166T;-5.04305081904;-3.1000766414;0.142179708
K166W;-8.32931586657;-7.44446321964;0.325380007
K166V;-7.37829879371;-3.89126243571;0.658552595
K166Y;-7.30549664085;-4.57816314501;0.680785084
G167A;-8.99050153559;-4.30598858407;0.957030772
G167C;-6.03039296705;-3.50581785483;1.121656878
G167E;-7.01566510997;-5.2206367501;0.850222628
G167D;-8.09735486319;-4.78649039487;0.339047675
G167F;-7.00414123188;-6.18874126868;0.716460807
G167I;-8.67872266704;-5.7798474069;0.099408199
G167H;-5.8503065937;-4.4311532075;1.055237522
G167L;-7.36883979582;-5.11037127143;1.102047936
G167N;-5.04092268867;-3.42076963277;1.061182522
G167P;-7.98190950684;-4.4808998722;0.781173017
G167S;-5.5351397749;-4.12814288236;1.031980323
G167R;-6.34243637603;-3.40178435305;1.139924376
G167T;-7.52152674244;-4.87915252444;0.841965989
G167W;-9.39459353645;-7.98805893123;0.494095566
G167V;-7.66034025251;-4.98291053586;0.18227928
G167Y;-8.53107922093;-6.426017434;0.786489499
F168A;-5.42568312945;-4.51695910251;0.249690005
F168C;-4.39104395406;-2.33146860542;0.236891436
F168D;-5.76387194443;-4.98754694457;0.031915264
F168I;-2.27437925648;-2.69604056703;0.232343721
F168H;-1.54019040969;-4.2390485894;0.804125887
F168M;-5.65970021696;-3.90651752335;0.665550014
F168L;-5.96008519758;-3.67906257561;0.094666101
F168N;-5.00979133882;-4.66822492461;0.050885875
F168P;-8.38724656962;-8.88617124979;0.014437857
F168S;-2.96398464369;-3.38697803595;0.208596807
F168R;-5.64189291274;-4.79102463804;0.228146737
F168T;-3.17845600471;-2.8113422077;0.113281651
F168W;-5.98447919817;-4.73431057438;0.15067873
F168V;-2.74858505651;-2.78335387376;0.294287439
F168Y;0.339119742974;-0.625257023676;0.870284839
G169A;-4.37540858382;-0.20832230875;1.044262046
G169C;-10.4280883088;-2.38319505408;0.65024841
G169E;-11.8093450273;-8.03705183981;0.037672642
G169D;-10.7419649805;-7.5371607296;0.038082465
G169K;-11.5435898467;-7.11964400693;0.013475334
G169M;-11.3716097518;-7.70059772098;0.062460774
G169L;-10.9589215714;-7.31140938716;0.023713576
G169Q;-12.8634928504;-9.12665481873;0.011369813
G169P;-13.3813339302;-10.6019859919;0.043941305
G169S;-7.8142230495;-4.66274310616;0.455809943
G169R;-11.1971363938;-6.28422522983;0.034884791
G169T;-10.7611912772;-6.15869066883;0.02181259
G169W;-13.4904927697;-11.0127793723;0.049860563
G169V;-9.49987456873;-4.70598815876;0.04447894
F170A;-7.25003479054;-6.32135745494;0.164348695
F170C;-6.02264906513;-6.33323759019;0.126042227
F170G;-8.04286761163;-7.31137971985;0.012766106
F170I;-4.87661287344;-3.74606719071;0.042800271
F170H;-5.54576205299;-3.83863598317;0.635970013
F170M;-6.45865759091;-5.58638166875;0.315486696
F170L;-5.19577881071;-3.61489365781;0.049255932
F170N;-6.11040279758;-6.36193174793;0.292366613
F170S;-5.95053140074;-5.53467925742;0.061896926
F170R;-5.84654558594;-6.08028290163;0.028536001
F170T;-5.92141386378;-3.76462349462;0.07875195
F170W;-6.35755696992;-4.49578626964;0.744857024
F170V;-5.12223054183;-4.13971565982;0.04101328
F170Y;0.46687728446;-1.62133749885;0.9494581
V171A;-5.54022447497;-3.29297189442;0.875520122
V171C;-6.72245136567;-3.90449309289;0.794765609
V171E;-10.4462030765;-9.45720186515;0.057502501
V171D;-11.6225130395;-11.924948302;0.032661687
V171G;-9.9857794838;-9.15966468367;0.397099684
V171F;-9.53205059026;-5.06887025978;0.088764501
V171I;-2.61620769941;-1.30770923492;0.817026792
V171M;-7.64173463464;-5.45096959507;0.322826338
V171L;-4.78484598955;-2.78486361374;0.459979377
V171N;-11.0409710333;-9.99676564797;0.05775143
V171P;-11.6249360719;-11.9319230617;0.074983711
V171S;-10.9795326496;-10.0726761141;0.399924781
V171T;-9.07782991242;-7.49525715627;0.667736862
V171Y;-9.14351599399;-8.55635508858;0.030758914
H172A;-5.32003093499;-0.292718637468;0.277624343
H172C;-5.68775284686;-0.235672892417;0.257256369
H172E;-3.79678703472;2.33195924613;0.090958502
H172D;-4.21282539163;0.520138613314;0.182747675
H172G;-7.00990858796;-0.392118885032;0.194044804
H172F;-7.77038404043;-2.56578443686;0.097580002
H172I;-5.90407084575;-0.696300304854;0.055126365
H172K;-6.39352124324;0.524558972759;0.242556005
H172L;-6.86556656368;0.0142442455871;0.279770495
H172N;-3.81013718312;0.622193012988;0.298646226
H172Q;-1.97709238995;0.880621385726;0.73270601
H172P;-10.5962909281;-6.05623106143;0.025456222
H172S;-4.25141038629;0.794798339144;0.248253629
H172R;-5.99860036769;0.613735075061;0.149581205
H172T;-5.78551397368;1.88308704538;0.065911958
H172V;-5.87091837637;0.535373476181;0.04890242
H172Y;-6.34236779716;-0.923639971566;0.130079543
F173A;-8.92443216594;-8.30998813653;0.038298317
F173C;-6.7213939043;-5.97242830761;0.203148822
F173D;-10.4027251592;-10.8368390253;0.020213
F173G;-10.4348597995;-11.13856441;0.009474844
F173I;-6.33966836473;-5.46412400089;0.33299337
F173H;-8.69400683232;-8.28470153645;0.15592886
F173M;-4.75083807838;-1.84468404605;0.547360897
F173L;-4.65025553538;-3.28789451082;0.739520468
F173N;-9.3347587816;-8.71706087224;0.019250477
F173P;-9.62522319873;-9.33483492436;0.014102093
F173S;-8.59289873746;-8.42511690035;0.038612014
F173R;-9.13933486099;-9.05137817003;0.038942478
F173T;-7.88361672399;-7.61143807424;0.024255601
F173W;-8.39275879983;-7.42276002521;0.312611
F173V;-6.355076976;-4.26669802156;0.152823052
F173Y;-0.658436722704;-1.04281083427;0.96824545
E174A;-1.47750356351;-0.37006046963;0.986194248
E174D;-1.37035488815;-0.89218765394;0.913007681
E174G;-3.14957379072;-1.91798339677;0.989115565
E174I;-4.70775501884;-3.13946955763;0.93572252
E174H;-4.22674441908;-2.84182025769;0.884493019
E174K;-0.909686498926;-0.751522721695;1.053700209
E174L;-4.98081421939;-2.17531218234;0.867557989
E174N;-2.0519666075;-2.16693646973;1.08178288
E174Q;-1.4045536163;-1.95837267041;1.007713577
E174P;-3.09566863172;-2.19759953274;0.619668626
E174S;-2.10646582319;-0.618635191768;0.897457219
E174R;-0.975513982528;-1.56958890485;0.865188608
E174T;-2.87329494735;-1.27389869767;1.021969302
E174V;-2.29775916983;-1.63733458106;0.951073498
E174Y;-3.70263485471;-2.24897860136;0.937303269
E175A;-3.48493797025;-1.40326454482;1.005272604
E175D;-0.767640812861;1.36596444845;1.011483466
E175G;-4.26931525367;-1.89388801422;0.880462718
E175I;-5.01714172745;-2.56600328257;0.919805076
E175H;-4.37015386294;-0.6969220489;0.994479621
E175K;-1.44579615387;-0.0849241232741;1.038989061
E175L;-4.18768754329;-1.41257552724;0.867536077
E175N;-0.777065276357;0.857730243189;0.985717686
E175Q;-2.95677447629;-1.2726107811;1.028297419
E175P;-6.454439112;-4.74278906956;0.843753688
E175S;-1.72201058951;1.27593893089;0.965447953
E175R;-1.91800472206;-0.400478121164;1.016035026
E175T;-0.558688793521;1.18021132531;0.811840428
E175V;-3.94408646187;-2.44368411929;1.026708753
E175Y;-5.04543776736;-1.86972801803;0.933160761
E176A;-1.23746344939;-0.420186891689;0.897948709
E176D;-0.527874210355;-1.29915800058;0.924992675
E176G;-2.56772583627;-2.49300053003;0.902172873
E176F;-4.21202133151;-2.35800932675;0.419724681
E176I;-4.25725623607;-1.54892122518;0.835341592
E176H;-2.44263499245;-1.21923433051;0.717560565
E176K;-2.37430199739;-0.47712369122;0.906989159
E176L;-4.65180788297;-1.4646916297;0.94950938
E176N;-3.27163270782;-2.36232407931;0.936801121
E176Q;-1.13582538595;-1.27509629722;0.876837103
E176P;-1.05709442192;-0.00309932929912;0.988697739
E176S;-1.85240160409;-1.10782758489;0.77681857
E176R;-4.67338604042;-0.508474254672;1.00281634
E176T;-3.37816296963;-1.6540342925;0.93003221
E176V;-3.49894565615;-0.855769115673;0.968400431
E176Y;-3.74423487918;-2.19314137922;0.689464008
G177A;0.998977402545;1.60587217229;1.045686049
G177C;-3.29078836952;-2.13070899974;0.957656588
G177E;2.91419878497;2.78218149279;0.965640707
G177D;1.68683524907;1.86219093058;1.015404036
G177F;-2.5597304572;-1.73804656572;1.126075866
G177I;-0.298507573199;-0.975269385808;1.142658116
G177H;-1.1634190983;-0.66583645115;0.971818675
G177L;-1.50646065542;-0.591105803423;0.840534857
G177N;0.0124890953157;0.309206263881;0.951644001
G177P;-2.35760803253;-0.912175181644;0.876968356
G177S;0.676798520668;1.29878012778;0.94939709
G177R;-0.301416821487;0.895888785315;0.960332901
G177T;-0.69752423797;0.147611053703;0.858351513
G177W;-3.42429509165;-3.00190559848;0.91353342
G177V;-1.6412769006;-0.373452773347;1.039998499
G177Y;-2.05211404245;-1.34954213339;0.862694585
A178C;-4.43937129574;-2.37293764151;0.97705806
A178E;-5.74393841717;0.294958754443;0.911374429
A178D;-3.23711907042;0.670635781062;0.993007503
A178G;-4.93060888728;-1.25989681568;0.95101882
A178F;-6.91864234838;-3.82829661761;0.986604836
A178I;-6.39098939606;-2.66735154221;1.129310248
A178H;-4.45071471491;-1.835641971;1.061903443
A178L;-7.43547071848;-2.7214932852;0.894915938
A178N;-4.37968994447;-1.89078912654;0.827720415
A178Q;-3.91207242059;-1.24335672252;0.798684735
A178P;-5.67087578692;-3.10882053987;0.924839134
A178S;-0.457803597383;0.238083698727;1.016407216
A178R;-7.00737397699;-4.36423223447;0.899918172
A178T;-5.92933581932;-1.58459430859;0.982946977
A178V;-2.80073274579;-1.44385692529;1.024489614
A178Y;-5.56032417133;-3.53162083678;0.946710419
A179C;-5.48635510611;-3.58016037583;0.667790118
A179E;-8.69620233367;-4.86572915424;0.485330641
A179D;-8.18946242129;-7.68024691609;0.589099698
A179G;-4.12218827667;-3.92755387008;0.955147086
A179F;-7.41021589162;-4.65933583248;0.921177443
A179I;-5.26651926039;-4.43269932931;0.406538144
A179H;-8.09610801714;-6.41817574219;0.57446121
A179L;-5.93865884925;-3.28451207787;0.63322325
A179N;-7.05734258785;-6.82719745353;0.223637089
A179P;-6.86146099749;-5.64964048631;0.368011134
A179S;-3.37849548353;-3.74123486971;0.964776256
A179R;-6.49276628782;-4.96802307926;0.649578948
A179T;-5.334833425;-3.56417597818;0.632446651
A179V;-4.05034855136;-2.0046540635;0.624416197
A179Y;-6.14551790536;-4.66640269455;0.708215258
K180A;-3.09585160553;-0.29168572179;0.825992415
K180E;-2.41263472821;0.523337122764;0.998266373
K180D;-3.11615946074;-0.0520172200372;0.901048808
K180G;-3.72267998848;-2.70246511468;0.893960624
K180I;-5.04196682933;-1.54059034906;0.967442824
K180H;-3.04598813201;-2.10034123298;0.872907487
K180M;-4.79918376461;-2.10651766242;0.942127619
K180L;-3.34640088581;-0.856966442346;0.964763413
K180N;-1.90111037262;-1.03401552008;0.948953542
K180Q;-0.337310052244;0.072872675993;1.012571795
K180P;-5.18395197298;-2.70776131186;0.638189924
K180S;-2.49217895791;-0.990983517925;0.921122873
K180R;-2.18666499917;-0.883747055623;1.001866279
K180T;-1.98714384332;-0.879481745414;0.988981057
K180W;-6.6177125955;-4.83085358432;1.020306339
K180V;-4.36330783577;-1.02743076659;0.992267103
K180Y;-3.65348462109;-3.25945445701;0.901095418
E181A;0.94487243249;0.82355557928;0.867824446
E181D;0.264417130136;-0.213188096335;1.025900382
E181G;-1.69741399302;-2.51029274278;0.86888267
E181F;-4.00693448442;-2.90069472095;0.420519614
E181I;-2.14778395517;-1.18314946463;0.771008399
E181H;-2.00523497893;-1.75948633596;0.885787956
E181K;1.1796925713;1.16463126809;0.79810541
E181L;-0.565065507966;-0.520921430926;0.945093468
E181N;-0.592508586167;-0.0618132859605;0.889396142
E181Q;-0.339947842367;-0.541812320526;0.901113459
E181P;-4.5505322728;-4.24848737706;0.619066579
E181S;-0.345558166082;-0.308292974911;0.773149367
E181R;0.111812140138;0.587149544907;0.617774016
E181T;-1.12404867967;-0.630481015631;0.934902623
E181V;-2.80395759614;-1.45582838672;0.880837011
E181Y;-4.48359746551;-1.60095974557;0.911556806
A182C;-4.30861450847;-3.04302727749;0.854751825
A182E;-11.0363009763;-9.06789210297;0.088422603
A182D;-10.6401877586;-9.21740165649;0.074935477
A182G;-8.50829503474;-4.9543585397;0.697171277
A182F;-7.94403331385;-5.70957547046;0.338035594
A182I;-7.55037993773;-3.89150466346;0.822755767
A182H;-10.391328223;-8.15788971522;0.024014099
A182L;-8.07490058719;-4.24393591327;0.773448773
A182N;-9.7579876948;-7.77721156851;0.056125975
A182P;-10.3516543152;-8.39744299152;0.091569885
A182S;-6.12374806205;-4.15891957044;0.917549262
A182R;-10.4476977998;-8.27448731413;0.066774381
A182T;-7.98407657012;-5.15515313847;0.91624181
A182V;-5.19495601308;-2.54917144068;1.010176792
A182Y;-10.2899957188;-8.04215280886;0.078900168
I183A;-4.97400819967;-2.31776645169;0.878095887
I183C;-4.79178605965;-2.70792607944;1.025858095
I183D;-8.45327631923;-7.53967437205;0.294973179
I183G;-6.85369268933;-6.46988952956;0.690436283
I183F;-6.02301324686;-2.54118170565;0.766240116
I183H;-5.27432062771;-4.30101880844;0.950202249
I183K;-4.08681143559;-2.20634041192;1.008202305
I183M;-3.06361438738;-1.42262154439;0.96639938
I183L;-3.36278882335;-0.18880115003;0.922618922
I183N;-8.00023626364;-6.54904561207;0.717395337
I183Q;-4.90900720612;-3.01150747796;0.993020502
I183P;-6.808877453;-6.35257162644;0.130064385
I183S;-6.95945649428;-4.23857139315;0.755204745
I183R;-3.46478252209;-2.81013526513;0.934328072
I183T;-3.43434408578;-3.65945914939;0.95100536
I183V;-1.0923478691;-0.680258587188;1.024614326
I183Y;-6.10801681425;-2.55735477069;0.803558133
D184A;-1.20340847748;-0.0191400399856;0.920251617
D184C;-6.0881362916;-3.67332775731;0.870197167
D184E;0.00415257160785;0.794354088423;1.064362616
D184G;-3.53817379102;-2.18479623013;0.886958521
D184F;-4.67835542397;-2.82325862889;0.874958599
D184I;-4.05566330129;-2.40405080383;0.804472306
D184H;-3.2784348534;-1.93242979171;0.894010198
D184K;-0.656408978626;0.445887451529;0.833938855
D184L;-4.29487057845;-1.55555190163;1.178789754
D184N;-1.19013373693;-0.470054072911;0.869828385
D184Q;-2.00909638684;-0.153956235668;1.035312265
D184P;-6.6706724324;-4.77559801704;0.673059926
D184S;-2.04659456234;-0.354846956656;0.894479409
D184R;-2.11559801817;-0.0270845499699;1.178738395
D184T;-1.96274355263;-1.01424042969;0.883194126
D184V;-4.13159122597;-1.73442012974;0.89532811
D184Y;-4.69386265834;-2.42861996676;0.90858969
A185C;-3.24820780545;-3.43842891937;0.985819453
A185E;-2.04316229059;-0.0691850333726;0.993225532
A185D;-1.06681875722;-1.41642607594;0.823479553
A185G;-1.60265005118;-1.04840171227;0.818152949
A185F;-3.2239716691;-3.25241812633;0.758282508
A185I;-4.57015807321;-2.85405759751;1.112554455
A185H;-2.11564283108;-1.82093286281;0.494886053
A185L;-3.38492709494;-1.78833242439;0.86344347
A185N;0.321429855598;-0.884539309865;0.943646015
A185P;-5.43393333233;-5.55229799611;0.077938088
A185S;-1.23388234257;-0.917744930879;0.939967582
A185R;-0.76712944801;-1.64168702733;0.560930885
A185T;-1.46671832493;-1.07701270611;1.028322362
A185V;-3.09127912158;-2.44580010165;0.960047607
A185Y;-3.97399673169;-2.28244578954;0.760847429
L186A;-2.49404193595;-2.39529598373;0.645219625
L186C;-1.71783172659;-3.17675625682;0.917884755
L186E;-4.51399303431;-3.90049822768;0.392787653
L186G;-2.27090046176;-3.55949352833;0.479377333
L186F;-2.3059944617;-1.64383933642;0.590106004
L186I;-0.0829155451502;-2.87794407219;1.094817912
L186K;-1.16552475811;-3.20247494732;0.609795733
L186M;0.415204078716;-0.606765342967;0.692146915
L186Q;-4.73691058249;-5.31401336201;0.411377884
L186P;-4.02889886015;-3.34074055318;0.221923395
L186S;-3.18368980021;-3.49698216409;0.719068969
L186R;-2.30210723472;-3.85500630418;0.609304468
L186T;-0.979339221201;-2.89370464342;0.753716955
L186W;-5.1020951026;-4.74840800264;0.57760906
L186V;0.450453379017;-2.57079826212;1.042199053
L186Y;-2.38059384393;-2.59802995079;0.505133773
N187A;-6.70168010054;-3.45014332551;1.408195559
N187C;-8.94619045415;-5.43720845701;0.974205714
N187E;-6.86188566771;-3.08398644785;0.96757416
N187D;-1.65639301436;-0.897647946432;0.962531812
N187G;-8.23379176599;-3.23112404863;0.958689329
N187F;-6.80067286863;-5.58322536421;0.924012367
N187I;-7.20852258359;-5.67694720239;0.769871911
N187H;-3.77885667083;-1.53537138661;0.992637585
N187K;-4.74684317177;-2.62747270724;1.034804345
N187M;-7.43704888399;-5.67284297782;1.171809215
N187L;-7.94760546973;-5.18463479246;0.96846812
N187Q;-5.21105236141;-1.97945497779;1.000988138
N187P;-7.84973866714;-4.0009399604;0.464477724
N187S;-4.87855596398;-2.16263332449;1.039508749
N187R;-5.40107353171;-2.91443265777;1.027414547
N187T;-5.22430142443;-3.27971057612;1.0405576
N187V;-7.71155727399;-5.62869440048;0.81084922
N187Y;-7.58566967596;-5.66637969212;0.955870023
G188A;-7.26107847341;-3.83511521777;0.827014353
G188C;-7.04428812789;-5.31189057017;0.810427711
G188E;-6.24115681718;-2.45285224913;0.949142115
G188D;-4.88274131878;-2.36404887528;0.773161816
G188F;-8.13779081521;-3.75207448935;0.574623075
G188I;-9.11248456175;-5.40855649964;0.129914782
G188H;-8.18892151932;-3.11552967972;0.863766081
G188L;-5.86672639032;-3.86217143169;0.592232492
G188N;-3.46621841882;-1.60399772372;0.829428563
G188P;-8.24147685606;-3.38501145693;0.192219046
G188S;-7.64363836986;-3.1192317156;0.937625076
G188R;-6.47630701528;-2.65456482246;1.279470658
G188T;-7.84931288648;-4.06484652019;0.863398621
G188W;-9.80329049169;-7.21146845674;0.347385768
G188V;-8.88208533803;-4.70604916069;0.352351137
G188Y;-7.42266358456;-3.66759638072;0.540353386
M189A;-1.04445159342;0.701675848376;0.778353075
M189E;-4.5782579853;-0.263610397108;0.716211855
M189G;-6.25568951666;-0.817072066636;0.801629647
M189F;-3.40952824667;0.524496873681;0.871993096
M189I;-3.53217276942;0.129365851268;0.923263263
M189K;-3.19980209216;1.56534832524;0.761294156
M189L;-3.84184991138;0.209950856831;1.04303602
M189N;-4.05585678213;-0.800620674966;0.80054805
M189Q;-1.77051986579;0.747338781464;0.890765183
M189P;-7.02204967711;-1.66715317429;0.270893736
M189S;-0.536915310076;1.08219810973;0.617171502
M189R;-3.92343728209;0.505147916749;0.696916156
M189T;-2.26907551707;1.46213535688;0.780911993
M189W;-6.56583181827;-2.98786545208;0.860378775
M189V;-2.92210254923;0.419771619048;0.940465321
L190A;-4.44301362359;-1.45082756463;1.089639727
L190E;-3.13696802843;1.13088814578;0.991558888
L190G;-4.17879003473;-1.8329147284;0.736799305
L190F;-4.2281133814;-0.771474082821;1.020502945
L190I;-2.38446376775;-0.241490833701;0.995115482
L190H;-3.75281565019;-1.10523366573;0.909375494
L190K;-2.90311155526;0.192013769244;0.798423642
L190M;-1.90076209756;-0.413002841896;0.98449501
L190Q;-3.46046812121;-0.18761196797;0.930791897
L190P;-5.79789508926;-0.627521226294;0.954500969
L190S;-3.05936565169;-0.386102168379;0.792113094
L190R;-4.17141968815;-0.572092974861;0.932539433
L190T;-2.98343534507;0.0204205729599;1.143818115
L190W;-6.54714155523;-2.49780715286;0.784803056
L190V;-3.15829834191;0.117333006169;1.021934262
L191A;-4.41221599084;-3.6037006015;0.853018048
L191C;-4.04128285393;-3.75712756442;1.021809582
L191E;-7.05300269777;-6.17325024428;0.796305074
L191G;-8.05615465448;-6.36650086743;0.578387847
L191F;-2.90128186171;-0.815681761869;1.02186369
L191I;-1.70599189832;-0.435417445506;1.155247436
L191H;-5.22389659685;-4.4281090266;0.583242422
L191K;-7.17622652677;-5.32968663788;0.644121407
L191M;-2.91888836004;-2.23396992807;1.023319734
L191Q;-5.58256758878;-5.12037685134;0.64116662
L191P;-8.13699339005;-4.00866904126;0.520881349
L191S;-7.07583545082;-5.02207222367;0.917796963
L191R;-7.71482123144;-5.44000578641;0.825313557
L191T;-7.93073026057;-3.40686094765;0.809682619
L191W;-6.77110565245;-3.13620678598;0.646856373
L191V;-1.97711394262;-1.08404557169;1.030155189
L191Y;-5.55465993786;-2.42349035857;0.831808743
N192A;-2.45702339942;-0.888936815157;0.989202983
N192C;-3.86404870567;-1.52294582243;1.028335879
N192E;-2.52594390465;-0.202302077879;1.229206413
N192D;-3.08493190166;0.798311031169;0.995612316
N192G;-2.919587526;0.347322700441;0.920909087
N192F;-2.69467603089;-0.911219230191;0.781487383
N192I;-5.78150937613;-3.55928054926;0.937524048
N192H;-2.44379157986;-0.796102506442;0.771378206
N192K;-3.03390018514;-0.18485486619;0.925284516
N192M;-3.49830380912;-0.666384938751;0.703740782
N192L;-2.16752612207;-0.453701773383;0.803772765
N192Q;-3.90559939179;-0.596753141122;0.988747982
N192P;-5.98638215632;-2.25960720313;0.167194545
N192S;-3.99809965241;-1.41790687408;0.968018551
N192R;-2.24619030615;-0.69854451349;0.866139172
N192T;-5.30696935044;-3.39525692067;1.00384307
N192W;-6.70887591178;-3.98292500695;0.551095202
N192V;-4.50310763152;-3.21953210695;1.13128918
N192Y;-4.72880169121;-1.11872173233;0.69238734
G193A;-6.03444281197;-4.29780855382;0.994089168
G193C;-5.43504358572;-6.48536145156;0.933225191
G193E;-2.35842875636;-2.92204676852;0.782166483
G193D;-0.437098237424;-2.07269661096;1.022131157
G193F;-7.90488881036;-6.51122711975;0.814528209
G193I;-7.64193408858;-7.75107742022;0.448511108
G193H;-4.54327521008;-4.352319637;1.206708458
G193L;-6.61975130549;-6.55898887459;0.968613516
G193N;-1.14969330886;-2.16070977577;1.013348646
G193P;-7.11594785436;-5.15414896529;0.203456659
G193S;-3.8966126325;-2.67145452254;1.048120097
G193R;-5.49820301938;-4.18919018266;0.997456334
G193T;-4.8838790555;-3.59457919063;0.789845536
G193W;-9.27181864725;-9.29782127174;0.645337128
G193V;-5.5060183754;-6.40040905954;0.645759188
G193Y;-6.05177965132;-5.51229493498;0.637007453
Q194A;-3.85511621085;-1.36684459475;1.091049501
Q194C;-2.49414626669;-1.77151435384;2.868778599
Q194E;-1.69031690838;-1.27948696349;1.078387558
Q194D;-5.9793217093;-2.50480775228;1.020224754
Q194G;-5.29061167629;-1.83016238629;1.018160262
Q194I;-4.01712226917;-2.51951038664;0.940740064
Q194H;-1.50213038955;-0.290977054669;1.106452862
Q194K;-0.34400618248;1.23931846634;1.048921589
Q194L;-3.49002625336;-1.34033868459;1.068201167
Q194N;-2.15717490469;-0.513052006267;1.171251225
Q194P;-5.51215151296;-4.02839870653;0.387851124
Q194S;-2.15307357287;-0.17838787682;1.153527183
Q194R;0.911428596417;2.18926965752;1.128068907
Q194T;-2.98340891712;-1.5336380502;1.06879892
Q194V;-5.07699507223;-1.64870899761;0.973517143
Q194Y;-2.7623902999;-1.67189174974;1.016358362
E195A;-1.07406251968;-0.161845144935;0.963037742
E195D;-4.10167956838;-1.68305759923;0.986846317
E195G;-3.78770990074;-3.01149657191;0.982113709
E195F;-3.1951843706;-2.21281802587;0.734518192
E195I;-2.19855999351;-0.401623596459;0.998389223
E195H;-2.40749883289;-1.32020247759;1.073649351
E195K;-0.270748179966;0.685888097488;1.072498521
E195L;-2.21830890628;-0.560276069945;0.922013168
E195N;0.00387948532443;-0.410983613679;0.982742093
E195Q;-0.315606326891;-0.0233079436803;0.976396087
E195P;-0.207563787619;0.93445454086;0.891029452
E195S;-2.71065474637;-0.475041067589;1.053873928
E195R;-1.21469402881;0.595553258909;0.959095343
E195T;-1.80856919054;0.473991296523;1.177805262
E195V;-1.34386337305;-0.0750611443339;0.939699592
E195Y;-3.73467684093;-1.63988255939;0.950719637
I196A;-3.92491664003;-3.45683416956;0.841103269
I196C;-5.78881653245;-2.93801735488;0.825232881
I196D;-9.81370435611;-10.5862867782;0.098324393
I196G;-8.31827747326;-7.75908139449;0.036021148
I196F;-4.46283889269;-4.1922362693;0.813812083
I196H;-8.51748742994;-8.35305673113;0.152393594
I196K;-6.8459934127;-6.73680288918;0.038926079
I196M;-1.76578125601;-1.75481716489;1.050810932
I196L;-1.16959421719;0.11726015775;1.106330975
I196N;-6.98607656689;-6.61466801185;0.087992657
I196P;-8.0235703865;-5.44564443679;0.269063372
I196S;-6.00568350875;-5.91865188266;0.278667843
I196R;-7.55461275535;-7.35525921126;0.07021443
I196T;-5.29626427566;-4.26211347008;0.830127581
I196V;0.42855865242;-0.893819663543;1.049993656
I196Y;-6.78465228395;-6.47142356947;0.308585751
Y197A;-5.00338889565;-0.424905119091;0.839083323
Y197C;-5.24128567404;-2.63639001198;0.670965463
Y197E;-5.67275276489;0.424674209085;0.153338644
Y197D;-5.36526705138;-0.138666967621;0.258099142
Y197G;-5.81928197347;-1.48418189688;0.522133468
Y197F;-0.606410145992;-0.223825903594;0.896740007
Y197I;-5.96686269194;-0.30111763282;0.790602093
Y197H;-5.08256390993;-0.14839173821;0.675273848
Y197K;-4.93882670905;1.29832200142;0.718390639
Y197L;-5.88571672793;-0.620745567221;0.630036085
Y197N;-5.30815639067;0.133421445601;0.523818869
Y197Q;-4.0187035884;-0.0598886743743;0.61331057
Y197P;-8.28037678043;-3.9568562711;0.040416073
Y197S;-3.60408925056;0.232865575977;0.527856762
Y197R;-5.48688041871;1.67161348681;0.819824831
Y197T;-4.07961256616;0.37116642899;0.596723963
Y197W;-6.55990709539;-3.570259982;0.483217325
Y197V;-5.07092241838;0.543643711982;0.706631079
V198A;-5.66518665745;-3.38304217287;1.085770394
V198C;-6.51790799561;-2.72178021408;0.927632561
V198D;-9.8900890254;-8.60181854683;0.313196428
V198G;-7.33662935847;-6.60822278829;0.3420948
V198F;-6.34481428284;-5.46138035007;0.202743853
V198I;-3.28509867168;-1.49402462466;1.170472458
V198H;-10.0434272544;-8.41809666663;0.050987681
V198M;-4.93253334588;-4.39154394804;0.830848447
V198L;-3.62396425728;-1.9414113364;1.043956695
V198P;-8.03980894529;-4.11354586575;0.078357692
V198S;-9.1064490045;-5.27044001263;0.586686985
V198R;-9.05525088764;-7.30114194695;0.091263665
V198T;-6.40460463916;-4.03791571543;0.793452137
A199C;-4.52951102972;-1.9588907559;1.162015553
A199E;-2.99391671061;1.04992950751;0.293941804
A199D;-3.96985025681;0.990890468661;0.234994571
A199G;0.791757181054;0.0406924827628;1.099738901
A199F;-6.6506366072;-2.37032397877;0.219401538
A199H;-5.71596096741;-1.34261318446;0.951443208
A199L;-4.5166374878;-0.832965215923;0.464970232
A199P;-8.07605238899;-5.27230849998;0.069190814
A199S;-2.46590250722;0.852430305497;0.820620117
A199T;-3.81892280981;-0.190837932114;0.822250097
A199V;-5.41147655656;-1.20177179178;0.867020788
P200A;-3.29388163122;-1.04599574323;1.022150666
P200D;-5.03323230881;-2.95294442775;0.338725181
P200G;-5.66996178846;-3.40485217328;1.33915207
P200F;-0.277521105949;0.735737464466;1.162015553
P200I;-1.83991687174;0.0675055045423;1.02570219
P200H;-0.877076584613;-0.93302410526;1.030841169
P200L;-0.609710023738;0.668356551761;0.990326208
P200N;-1.62115836982;-2.68573797587;1.05266057
P200Q;-1.65487499244;-1.35275072944;1.379698133
P200S;-2.50857417169;-1.91843110215;1.052319688
P200R;-0.580024396535;0.43116169506;1.133948359
P200T;-3.02039329975;-1.95517896214;1.005246804
P200V;-3.10254485719;0.0513057468011;0.976336844
